CustomerID,LoyaltyPoints,EmailSubscribed,AverageReviewRating,Churn
1,1687,FALSE,4.5,0
2,2500,TRUE,4.9,0
3,4299,FALSE,1.1,1
4,3973,FALSE,2.6,0
5,4271,FALSE,2,0
6,1026,FALSE,2,0
7,3029,TRUE,2.9,0
8,4986,TRUE,3.1,1
9,3357,TRUE,1.1,0
10,3040,FALSE,3.2,0
11,1297,FALSE,1.2,1
12,305,TRUE,1,0
13,4472,TRUE,4.4,1
14,441,TRUE,1.6,0
15,3582,FALSE,1.7,0
16,4942,TRUE,1.5,0
17,3297,FALSE,5,0
18,4670,TRUE,3.5,1
19,3797,TRUE,2.5,0
20,4234,TRUE,2.9,0
21,3228,FALSE,2.2,1
22,3238,FALSE,3.7,0
23,1680,TRUE,3.2,0
24,1192,TRUE,3.5,0
25,1420,FALSE,2.8,1
26,4674,FALSE,2,1
27,1936,TRUE,4.2,1
28,3045,TRUE,1.8,0
29,2406,TRUE,1.2,0
30,2471,FALSE,1.1,1
31,1791,FALSE,3.5,0
32,4233,TRUE,5,0
33,4377,TRUE,3.5,0
34,4784,TRUE,1.4,0
35,974,TRUE,3.4,0
36,4429,TRUE,4,1
37,115,FALSE,2.3,0
38,2994,FALSE,4.8,1
39,4398,FALSE,3.4,0
40,751,TRUE,4.3,1
41,649,FALSE,1.5,0
42,1498,TRUE,2.3,0
43,4464,FALSE,4,1
44,4179,FALSE,2.5,0
45,903,TRUE,1.2,0
46,3226,TRUE,3.8,0
47,3650,FALSE,3.3,0
48,2892,FALSE,2.4,1
49,1975,TRUE,3.8,0
50,2689,TRUE,3.8,0
51,3655,TRUE,1.3,1
52,1073,TRUE,1.5,0
53,4621,FALSE,3,0
54,3028,TRUE,1.7,0
55,1268,TRUE,3.2,1
56,1889,TRUE,4,1
57,3671,TRUE,4.6,0
58,4462,FALSE,3.6,1
59,2994,TRUE,2.5,0
60,2908,FALSE,4.7,0
61,1007,TRUE,4.3,0
62,2794,TRUE,1.3,0
63,4078,TRUE,2,1
64,2403,TRUE,3,0
65,3994,TRUE,1.2,0
66,655,TRUE,3.4,0
67,1961,TRUE,3.3,0
68,4657,TRUE,1.8,0
69,1917,FALSE,4,0
70,2290,TRUE,2.6,1
71,2155,TRUE,1.2,1
72,1305,TRUE,2.1,0
73,1644,FALSE,2.8,1
74,4161,FALSE,4.8,1
75,104,FALSE,3.4,1
76,4777,TRUE,2.7,1
77,1169,TRUE,2.9,1
78,1383,TRUE,3,0
79,1355,TRUE,4.6,0
80,715,FALSE,1.2,0
81,943,TRUE,4.1,1
82,4817,TRUE,3.2,0
83,4460,FALSE,1.2,0
84,1509,TRUE,5,0
85,627,FALSE,3.1,1
86,2164,TRUE,1.5,0
87,4797,TRUE,2.3,0
88,1093,TRUE,4.8,0
89,3905,FALSE,3.2,0
90,3278,FALSE,3.4,0
91,4226,TRUE,3.4,0
92,1336,TRUE,2.9,0
93,2608,TRUE,3.7,1
94,2121,FALSE,4.8,0
95,1478,TRUE,3.6,0
96,1824,TRUE,1.4,0
97,2113,FALSE,3.8,1
98,2219,FALSE,2.7,0
99,93,FALSE,3.5,0
100,2972,FALSE,3.4,0
101,2142,TRUE,4.8,1
102,3297,TRUE,3.1,1
103,4070,TRUE,3.7,0
104,4032,TRUE,2.9,1
105,3897,TRUE,3.5,0
106,532,FALSE,1.8,0
107,1645,FALSE,4.6,1
108,3261,TRUE,1.2,0
109,993,TRUE,3.1,1
110,3009,TRUE,4.5,0
111,4559,TRUE,2.7,0
112,4257,FALSE,4.8,0
113,4290,FALSE,4.5,0
114,3457,FALSE,3.4,0
115,2922,FALSE,3.4,0
116,2083,TRUE,3.9,0
117,3595,FALSE,1.3,0
118,108,FALSE,3.9,1
119,2601,TRUE,1.9,0
120,4338,TRUE,2.7,0
121,1775,TRUE,3.5,0
122,654,TRUE,2.5,1
123,2702,TRUE,4.6,0
124,1584,FALSE,4.1,0
125,849,FALSE,3.5,0
126,1898,FALSE,2.1,1
127,2918,TRUE,2.5,0
128,3650,TRUE,1.1,0
129,1836,TRUE,1.5,1
130,2028,TRUE,3,0
131,4123,TRUE,3.1,0
132,4822,FALSE,1.5,0
133,3359,TRUE,2.8,0
134,4480,TRUE,4,1
135,4490,TRUE,1.7,0
136,2377,FALSE,2,0
137,406,FALSE,1.2,0
138,1414,TRUE,4.4,0
139,2640,FALSE,3.6,0
140,3764,FALSE,1.7,0
141,378,TRUE,2.4,0
142,210,FALSE,2.5,0
143,164,FALSE,4.8,1
144,4167,FALSE,4.9,0
145,1660,TRUE,1.6,1
146,4428,TRUE,4.4,0
147,3813,FALSE,2,1
148,2050,FALSE,1.2,0
149,3461,FALSE,1.2,0
150,2472,FALSE,4.8,0
151,1377,TRUE,1.6,0
152,2097,FALSE,3.8,0
153,4476,TRUE,4.6,1
154,1802,TRUE,5,1
155,1960,TRUE,3.3,0
156,2467,FALSE,3.4,0
157,3956,FALSE,5,0
158,4465,TRUE,1.6,0
159,2487,TRUE,3.9,0
160,2467,TRUE,2.3,0
161,4599,TRUE,3.6,0
162,2907,TRUE,4.2,0
163,2192,TRUE,2.3,0
164,1392,FALSE,3.1,0
165,3404,FALSE,1.3,0
166,2933,FALSE,4.3,0
167,4837,TRUE,4.3,1
168,919,FALSE,4.2,1
169,802,FALSE,1.6,0
170,2945,FALSE,3,0
171,4280,TRUE,2,0
172,1411,TRUE,2.4,0
173,3496,TRUE,1.5,1
174,405,TRUE,1.6,0
175,2368,TRUE,2.2,0
176,1811,FALSE,4.4,0
177,4781,FALSE,1.6,0
178,2560,FALSE,2.3,0
179,2751,FALSE,1.2,1
180,2487,TRUE,3.4,0
181,4561,TRUE,3,0
182,4249,FALSE,3.8,0
183,3717,FALSE,3.9,0
184,4198,TRUE,3.9,1
185,1735,FALSE,2.8,0
186,4154,TRUE,4.8,1
187,3617,FALSE,2.4,0
188,3824,TRUE,4,0
189,4374,TRUE,4.5,0
190,4790,FALSE,3.3,0
191,2428,FALSE,2.5,0
192,3397,TRUE,1.3,0
193,327,FALSE,4.9,0
194,3038,TRUE,2.7,0
195,1881,TRUE,1.4,1
196,2085,TRUE,3,1
197,1206,TRUE,2.9,1
198,333,TRUE,2.5,0
199,217,TRUE,4.4,0
200,159,FALSE,4.9,1
201,3652,TRUE,4.8,0
202,4084,FALSE,1.8,1
203,4350,TRUE,3.5,0
204,2632,TRUE,1.4,0
205,2176,TRUE,1.2,0
206,2443,TRUE,4.5,1
207,4113,TRUE,2.5,0
208,1577,TRUE,1.4,0
209,3879,TRUE,1.9,1
210,379,TRUE,3.9,0
211,1135,TRUE,1.6,0
212,267,FALSE,3.9,0
213,801,TRUE,1.9,0
214,2047,TRUE,2.2,0
215,3813,TRUE,3.2,0
216,2351,FALSE,3,1
217,657,TRUE,3.8,0
218,4006,FALSE,2.7,1
219,3033,FALSE,1.9,0
220,3114,TRUE,4.2,1
221,936,TRUE,3.4,0
222,386,TRUE,2.4,1
223,4370,TRUE,1.2,1
224,1281,TRUE,3.3,0
225,1874,FALSE,2.1,1
226,876,FALSE,1.2,1
227,2587,TRUE,2.4,0
228,4600,TRUE,1.3,0
229,954,TRUE,2.3,1
230,4439,FALSE,4,1
231,2249,TRUE,2.5,1
232,563,TRUE,3.4,0
233,1492,FALSE,2,0
234,584,FALSE,1.3,1
235,4506,FALSE,3.1,0
236,375,TRUE,3.6,0
237,2244,FALSE,2.3,0
238,895,TRUE,4,0
239,291,FALSE,4.4,0
240,2441,TRUE,2.8,0
241,2442,TRUE,2,1
242,2072,TRUE,1.6,1
243,553,TRUE,3.1,0
244,1105,FALSE,2.1,1
245,3476,TRUE,2.3,0
246,2883,TRUE,2.3,0
247,4086,TRUE,3.6,0
248,3769,TRUE,1.4,0
249,325,FALSE,3.9,0
250,3953,TRUE,2.1,1
251,2966,TRUE,1.4,0
252,1661,FALSE,3,0
253,2031,TRUE,3.8,1
254,4408,TRUE,3.7,1
255,4729,FALSE,2.9,1
256,2793,FALSE,3.7,0
257,4791,FALSE,3.7,0
258,3077,FALSE,1.7,1
259,3196,TRUE,4.2,0
260,4151,TRUE,1.8,0
261,1069,FALSE,2.9,0
262,44,TRUE,3.2,0
263,1968,TRUE,3.2,1
264,428,TRUE,3.1,0
265,1096,TRUE,3.7,0
266,3918,FALSE,2.1,0
267,4456,TRUE,1.7,0
268,530,TRUE,2.2,0
269,1757,TRUE,3.5,1
270,4902,FALSE,2.1,1
271,3610,FALSE,4,0
272,4690,FALSE,1.4,0
273,1162,FALSE,4.9,0
274,3289,FALSE,1.5,0
275,4919,FALSE,2.4,0
276,4834,TRUE,1.2,0
277,1398,TRUE,4.9,0
278,3078,FALSE,4.1,0
279,290,FALSE,4.1,0
280,1603,TRUE,1.7,0
281,1552,FALSE,2.8,0
282,1940,TRUE,2.4,1
283,625,FALSE,3.2,0
284,103,FALSE,2.2,0
285,2012,TRUE,1.8,0
286,4790,TRUE,4.2,1
287,3486,TRUE,2.8,0
288,4299,FALSE,2.9,0
289,4986,TRUE,4.8,0
290,4396,FALSE,1.9,1
291,4399,FALSE,4.4,1
292,1347,FALSE,2.3,0
293,3185,FALSE,4.9,1
294,3128,TRUE,4.7,0
295,3835,FALSE,2.2,0
296,2638,TRUE,5,0
297,1189,TRUE,1.2,1
298,4250,FALSE,1.2,1
299,4133,TRUE,3.5,1
300,976,TRUE,2.8,0
301,2425,FALSE,3.6,1
302,3096,TRUE,2.5,1
303,1607,TRUE,3.5,0
304,3146,TRUE,2.4,1
305,3958,FALSE,3.8,0
306,489,FALSE,2.6,0
307,4925,FALSE,1.2,0
308,1243,FALSE,2.6,0
309,1919,FALSE,4.8,1
310,3410,FALSE,1.7,1
311,3655,FALSE,4.4,1
312,3937,FALSE,3.4,0
313,2216,FALSE,4.6,0
314,1739,FALSE,3.9,0
315,3791,FALSE,1.9,0
316,2318,FALSE,1.8,0
317,3586,FALSE,1.3,0
318,2662,TRUE,4.3,0
319,2703,TRUE,4.6,0
320,4621,FALSE,4.4,1
321,3048,FALSE,4.2,0
322,4521,FALSE,1.4,0
323,650,TRUE,1.3,0
324,1952,TRUE,4.9,1
325,3822,FALSE,1.1,0
326,39,TRUE,1.4,0
327,4135,TRUE,1.8,0
328,1045,FALSE,3.4,0
329,4526,TRUE,3.5,1
330,3701,FALSE,3.2,0
331,149,TRUE,2.7,0
332,2005,FALSE,5,0
333,3284,FALSE,1.3,1
334,4337,FALSE,1.8,0
335,1356,TRUE,2.9,0
336,3440,FALSE,2.4,0
337,2767,TRUE,2.9,1
338,67,TRUE,3.6,0
339,3916,FALSE,4,1
340,938,FALSE,1.8,0
341,2214,TRUE,4.5,1
342,4207,TRUE,4.3,0
343,2200,FALSE,1.5,0
344,4351,FALSE,3.8,0
345,1891,TRUE,3.8,0
346,851,FALSE,1.7,0
347,627,TRUE,2.4,0
348,1552,TRUE,4.9,0
349,104,FALSE,2.3,0
350,3837,FALSE,2.3,1
351,1004,TRUE,2.1,0
352,107,FALSE,4.6,0
353,83,TRUE,3.6,0
354,814,FALSE,4.5,0
355,3732,TRUE,3.2,1
356,1064,TRUE,3.2,0
357,2309,TRUE,4.2,0
358,115,TRUE,3.4,0
359,1046,TRUE,3.7,0
360,1054,FALSE,2.7,0
361,3299,TRUE,3.5,1
362,2087,TRUE,4.2,0
363,3921,FALSE,3.8,0
364,4528,FALSE,3.3,1
365,4515,TRUE,1.8,0
366,4674,TRUE,4.7,1
367,184,TRUE,1.2,0
368,317,FALSE,3.4,0
369,349,TRUE,1.2,0
370,504,TRUE,1.1,0
371,4524,TRUE,1.2,0
372,2514,FALSE,5,0
373,548,TRUE,2.7,1
374,2113,TRUE,3.2,0
375,524,FALSE,4.7,0
376,4928,TRUE,2.6,1
377,4494,FALSE,3,0
378,318,TRUE,4.6,1
379,610,FALSE,2.5,1
380,815,FALSE,2.9,0
381,4667,TRUE,2.7,0
382,2952,TRUE,2.7,0
383,2565,TRUE,3,0
384,261,FALSE,3.7,0
385,163,FALSE,2.8,0
386,2567,FALSE,3.6,0
387,2195,TRUE,1.4,0
388,98,TRUE,1.1,1
389,1359,TRUE,1.2,0
390,3485,TRUE,4.3,0
391,3888,FALSE,1.2,0
392,691,FALSE,2.9,0
393,3930,TRUE,2.2,0
394,4935,FALSE,4.6,1
395,2773,FALSE,3,0
396,2789,FALSE,4.9,1
397,1436,TRUE,1.9,0
398,3414,TRUE,3.6,0
399,2561,TRUE,1.2,0
400,3197,FALSE,4.1,0
401,4548,FALSE,4.4,0
402,2774,TRUE,2,1
403,2756,FALSE,3.1,0
404,2926,TRUE,3.3,0
405,3340,FALSE,2,0
406,1739,TRUE,2.3,0
407,1246,FALSE,3.4,0
408,3095,TRUE,2.5,1
409,3214,TRUE,2.8,0
410,1138,TRUE,2.6,0
411,859,FALSE,1.9,0
412,3003,TRUE,2.2,0
413,4702,TRUE,5,1
414,108,FALSE,4.2,0
415,3789,TRUE,1.1,0
416,632,FALSE,2.2,1
417,2846,TRUE,3.8,1
418,4881,FALSE,1.7,0
419,2755,FALSE,1.5,0
420,2766,TRUE,3.6,1
421,1390,TRUE,4,0
422,400,TRUE,1.7,0
423,4772,FALSE,4.9,1
424,677,TRUE,4.6,1
425,4742,TRUE,3,0
426,2954,FALSE,3.2,0
427,708,TRUE,1.5,0
428,4477,TRUE,2.7,1
429,1757,TRUE,2.9,1
430,1585,FALSE,2.8,0
431,2775,TRUE,3.1,1
432,1976,FALSE,4.1,0
433,2780,TRUE,2.2,0
434,3338,FALSE,1.7,1
435,3639,FALSE,3.8,0
436,4728,FALSE,2.3,1
437,267,FALSE,1.2,1
438,4881,TRUE,4.8,0
439,191,FALSE,4.7,0
440,2995,FALSE,2.4,0
441,2354,FALSE,2,0
442,2135,TRUE,1.5,0
443,4306,TRUE,4.5,0
444,3685,FALSE,2.8,0
445,1423,TRUE,2.8,0
446,380,TRUE,4.6,1
447,3205,TRUE,1.5,1
448,612,TRUE,2.5,0
449,2322,TRUE,2.1,0
450,1085,FALSE,2.9,0
451,1348,TRUE,4.5,0
452,3988,FALSE,4.6,0
453,258,TRUE,2.6,1
454,621,FALSE,3.8,0
455,898,TRUE,4,1
456,3313,FALSE,4.5,0
457,3065,TRUE,1.1,0
458,4449,FALSE,1.7,1
459,959,FALSE,3.6,0
460,1929,FALSE,4.5,0
461,1547,TRUE,1.9,0
462,4558,FALSE,4.3,1
463,4626,TRUE,1,0
464,325,FALSE,1.1,0
465,3932,FALSE,3.1,1
466,444,FALSE,2.2,0
467,3680,FALSE,3.1,1
468,4975,TRUE,3.7,0
469,4098,TRUE,4.7,0
470,3139,FALSE,2.3,0
471,4187,FALSE,4.6,0
472,2909,TRUE,4.3,0
473,3135,FALSE,4.3,1
474,3908,TRUE,4.9,1
475,4188,TRUE,3.9,0
476,3911,TRUE,1.3,0
477,4032,FALSE,1.3,1
478,2219,FALSE,2.2,1
479,2059,FALSE,4.4,0
480,1203,TRUE,4.1,1
481,779,TRUE,3,0
482,3670,TRUE,1,1
483,3000,FALSE,1.7,1
484,4363,FALSE,1.1,0
485,2643,TRUE,3.8,0
486,3735,FALSE,2.7,0
487,2303,TRUE,1.1,1
488,1,FALSE,3.9,0
489,933,FALSE,3.7,0
490,3151,FALSE,2.9,0
491,1906,TRUE,1.7,0
492,1323,TRUE,4,0
493,185,FALSE,4,1
494,3104,TRUE,1,1
495,3923,FALSE,4.4,0
496,1999,TRUE,2.1,0
497,1898,FALSE,4.6,1
498,9,TRUE,2.3,1
499,4349,TRUE,4.7,0
500,1576,TRUE,1.6,0
501,2267,TRUE,3.4,0
502,3971,FALSE,4.3,1
503,4028,FALSE,3,0
504,1371,TRUE,3.7,0
505,3859,FALSE,2.3,0
506,41,TRUE,1.4,0
507,3051,FALSE,1.4,1
508,819,FALSE,1.1,1
509,4872,TRUE,4.6,0
510,186,TRUE,3.6,1
511,4605,TRUE,2.9,0
512,4996,FALSE,2,1
513,1348,TRUE,3.7,0
514,1956,TRUE,3.6,0
515,4145,FALSE,2,0
516,447,TRUE,1.1,0
517,1145,TRUE,2.7,1
518,1051,FALSE,2.9,0
519,1573,FALSE,2.2,0
520,457,TRUE,1.4,0
521,4460,TRUE,1.2,0
522,2105,TRUE,4.4,0
523,2731,FALSE,1.9,0
524,3200,TRUE,1.1,1
525,1562,TRUE,1.5,0
526,339,FALSE,2.8,1
527,2275,TRUE,4.9,1
528,4165,TRUE,4.5,0
529,876,TRUE,4.5,0
530,486,FALSE,4.1,0
531,2836,FALSE,1.6,0
532,2965,TRUE,4.4,0
533,4060,FALSE,2,1
534,4396,TRUE,1.7,1
535,1389,FALSE,2.7,0
536,4996,TRUE,4.6,1
537,4957,FALSE,2.4,1
538,1590,FALSE,3.9,1
539,3710,TRUE,1.9,0
540,1060,TRUE,3.9,0
541,2897,TRUE,4.1,1
542,1953,TRUE,4.1,0
543,4291,FALSE,3.5,1
544,680,TRUE,4.8,0
545,846,FALSE,2.5,0
546,1798,TRUE,4.8,0
547,1814,FALSE,1.3,0
548,2334,FALSE,4.8,0
549,1107,TRUE,1.3,1
550,2151,FALSE,3.7,0
551,4410,FALSE,3.6,1
552,345,TRUE,3.6,0
553,2031,FALSE,3.5,0
554,4245,FALSE,2.8,0
555,2347,FALSE,4.1,0
556,4414,FALSE,3.8,0
557,3918,FALSE,3.9,0
558,4274,TRUE,3.9,0
559,577,FALSE,3.9,1
560,2112,TRUE,1.4,1
561,4923,FALSE,3.8,0
562,1548,TRUE,3.5,1
563,2997,TRUE,1.6,1
564,2500,FALSE,4,0
565,2096,FALSE,4,0
566,4218,FALSE,4.7,0
567,3398,FALSE,2.5,0
568,4601,TRUE,2.2,1
569,4012,TRUE,3.7,0
570,3277,TRUE,1.7,0
571,3704,FALSE,5,1
572,3255,FALSE,4.9,0
573,1503,FALSE,3.9,0
574,2974,TRUE,1.6,1
575,4073,FALSE,1.7,0
576,4679,FALSE,4.7,1
577,3428,TRUE,2.8,0
578,2619,TRUE,1.4,1
579,2838,FALSE,2.4,1
580,3346,TRUE,4.1,1
581,4719,TRUE,4.1,0
582,4553,FALSE,4.5,0
583,2788,TRUE,4.5,0
584,2322,FALSE,3,0
585,3410,FALSE,3.8,0
586,3628,FALSE,1.5,1
587,1841,FALSE,4.5,0
588,3589,TRUE,2.4,1
589,4019,FALSE,1,1
590,3120,TRUE,1.9,1
591,1138,TRUE,1.9,0
592,3714,FALSE,1.7,0
593,2126,TRUE,3.3,0
594,304,TRUE,4,0
595,3231,TRUE,4.2,0
596,3811,FALSE,4.5,0
597,3958,FALSE,1.7,1
598,3605,FALSE,2.1,0
599,1223,FALSE,4.6,1
600,558,TRUE,2.9,0
601,842,FALSE,2.5,1
602,2587,TRUE,4.4,1
603,1543,FALSE,1.3,1
604,2174,FALSE,4.4,0
605,1423,TRUE,4.4,0
606,594,TRUE,2,1
607,1613,FALSE,2.6,0
608,98,TRUE,1.3,0
609,1260,TRUE,2.7,0
610,415,TRUE,3.2,0
611,3498,TRUE,1.7,0
612,3258,TRUE,2,0
613,4259,TRUE,2.4,0
614,4675,FALSE,3.3,0
615,3450,FALSE,1,0
616,2989,FALSE,4.8,0
617,3555,TRUE,4.2,0
618,1914,FALSE,4.7,1
619,2290,TRUE,1.7,1
620,2818,TRUE,3.9,1
621,530,TRUE,4.4,0
622,4323,TRUE,1.6,0
623,704,TRUE,4,0
624,4374,TRUE,3.4,0
625,2895,FALSE,2.7,0
626,1814,FALSE,2,0
627,4331,FALSE,2.2,0
628,1677,TRUE,2.1,0
629,3666,FALSE,4.4,0
630,1504,TRUE,2.2,0
631,4645,FALSE,2.3,0
632,4829,TRUE,1.8,0
633,2780,FALSE,2.5,1
634,3545,TRUE,3,1
635,4549,FALSE,1.4,1
636,679,FALSE,2.9,0
637,1596,TRUE,3.5,0
638,1982,TRUE,2.4,0
639,2277,TRUE,3.1,0
640,175,FALSE,4,0
641,4091,FALSE,2.2,1
642,2768,TRUE,3.6,1
643,4259,TRUE,3.1,0
644,1129,FALSE,4,0
645,4188,TRUE,1.8,0
646,2136,TRUE,4.7,1
647,4703,TRUE,1.3,0
648,3209,FALSE,4.4,0
649,251,FALSE,3.8,0
650,427,FALSE,3.2,0
651,680,TRUE,2.8,1
652,4693,TRUE,2,0
653,3124,TRUE,1.1,1
654,578,TRUE,1.1,1
655,4701,FALSE,4.9,0
656,3604,TRUE,3,0
657,1854,TRUE,4.4,1
658,4578,FALSE,2.6,0
659,2382,TRUE,4.8,0
660,4908,FALSE,3.3,0
661,4252,TRUE,2.8,1
662,3319,FALSE,1.2,0
663,4531,FALSE,1.6,0
664,2884,TRUE,3.4,0
665,4373,FALSE,2,0
666,2257,FALSE,1.1,0
667,802,FALSE,3.7,0
668,1826,FALSE,1.6,1
669,2532,TRUE,3.1,0
670,726,FALSE,2.9,0
671,3532,FALSE,1.5,1
672,2976,FALSE,3.2,1
673,2569,FALSE,3.8,0
674,3527,FALSE,4,1
675,3235,TRUE,4.2,0
676,1225,TRUE,1.1,0
677,4053,FALSE,2.2,0
678,3118,FALSE,4.3,1
679,2839,TRUE,1.3,0
680,2731,FALSE,2.2,0
681,23,TRUE,4.3,0
682,1368,FALSE,1.8,1
683,2182,TRUE,3.9,0
684,2532,TRUE,2.4,0
685,1326,TRUE,1.4,0
686,416,TRUE,2.8,0
687,3987,FALSE,2.5,0
688,4542,FALSE,5,0
689,85,TRUE,2.3,0
690,2719,TRUE,1.1,1
691,3760,FALSE,4,0
692,2759,TRUE,3.2,0
693,1201,FALSE,1.7,0
694,3056,TRUE,4.5,1
695,1016,FALSE,3,0
696,179,TRUE,1.3,0
697,3459,FALSE,1.3,0
698,90,FALSE,1.9,1
699,2711,FALSE,1.4,0
700,4473,TRUE,1.9,0
701,4370,TRUE,2.9,0
702,1214,FALSE,3.2,0
703,1764,FALSE,1,1
704,4381,TRUE,4.9,0
705,4265,TRUE,3.1,1
706,2493,FALSE,2.8,1
707,4382,FALSE,1.9,0
708,4210,TRUE,3.6,0
709,3592,FALSE,4.1,0
710,3974,FALSE,3.1,0
711,1625,TRUE,2,0
712,932,FALSE,2.6,1
713,2416,FALSE,2,0
714,4266,TRUE,2.6,0
715,1200,TRUE,1.1,1
716,3528,TRUE,3.6,1
717,1426,FALSE,3.2,0
718,3090,TRUE,2.4,0
719,4365,TRUE,4.7,0
720,3436,TRUE,3.7,0
721,2789,FALSE,1,0
722,3476,TRUE,4.6,0
723,234,FALSE,1.9,0
724,2738,TRUE,5,1
725,3640,TRUE,3.3,0
726,1274,TRUE,2.3,0
727,2384,TRUE,1.9,0
728,1658,TRUE,4.3,0
729,1998,TRUE,4.2,0
730,4331,FALSE,1.3,1
731,1977,TRUE,1.6,0
732,4492,FALSE,2.5,0
733,2216,TRUE,4.1,1
734,755,FALSE,2.9,0
735,489,FALSE,2.9,0
736,1849,TRUE,3.1,0
737,4290,FALSE,1,0
738,1348,TRUE,2.6,0
739,1065,TRUE,1.5,1
740,2153,FALSE,4.5,0
741,3583,TRUE,2.9,0
742,1042,FALSE,2.5,0
743,131,FALSE,2.6,0
744,661,FALSE,3.4,0
745,1544,FALSE,4.6,0
746,1857,FALSE,3,0
747,1765,TRUE,3.6,0
748,3632,TRUE,4.3,1
749,3474,TRUE,1.4,0
750,799,FALSE,1.9,1
751,1634,TRUE,4.7,0
752,2748,FALSE,1.5,0
753,3938,FALSE,2.2,0
754,3855,FALSE,1.7,0
755,4372,TRUE,1.3,0
756,3751,FALSE,4.1,1
757,1997,FALSE,1,0
758,3134,TRUE,3.9,0
759,4708,FALSE,2.3,0
760,2060,FALSE,1.4,0
761,1967,TRUE,4,1
762,1902,TRUE,2.7,0
763,1954,TRUE,3.4,0
764,1393,TRUE,2.7,0
765,2653,FALSE,1,1
766,3959,TRUE,3.8,1
767,2451,TRUE,3.5,1
768,304,FALSE,1,0
769,4361,FALSE,4.1,0
770,325,FALSE,1.5,1
771,4670,FALSE,4,1
772,3464,FALSE,1.9,1
773,2768,FALSE,2.3,1
774,3637,FALSE,1.8,0
775,4076,TRUE,1.8,0
776,4902,FALSE,4.7,0
777,2056,TRUE,2.1,0
778,2172,TRUE,2.6,0
779,1336,TRUE,3.9,1
780,758,FALSE,1.8,0
781,341,TRUE,4.8,0
782,2855,TRUE,4.8,0
783,2865,FALSE,4,0
784,2147,TRUE,2.3,0
785,2209,FALSE,2,1
786,1648,TRUE,1.8,0
787,3067,FALSE,3.7,1
788,4011,FALSE,3.9,0
789,4699,FALSE,2.8,0
790,2687,FALSE,4.1,1
791,1052,TRUE,2.3,1
792,2881,TRUE,4.8,0
793,942,TRUE,4.7,0
794,240,TRUE,4.7,0
795,3571,TRUE,1.9,0
796,2976,FALSE,4.9,0
797,4217,FALSE,4,0
798,2920,FALSE,1.8,0
799,4749,TRUE,1.1,1
800,138,FALSE,3.4,0
801,3005,TRUE,1.8,1
802,3504,TRUE,3.5,0
803,343,FALSE,2.6,1
804,76,FALSE,4.5,1
805,365,TRUE,2.1,1
806,3088,FALSE,1.5,0
807,4341,FALSE,4.2,0
808,4203,TRUE,4.1,0
809,4873,FALSE,2.3,0
810,4093,FALSE,3.5,0
811,2028,FALSE,2.6,0
812,127,TRUE,3.5,0
813,4878,FALSE,1.5,0
814,2304,TRUE,3.9,0
815,2162,FALSE,2.1,0
816,1243,FALSE,4.3,0
817,2759,FALSE,3,0
818,3245,FALSE,3.6,1
819,1843,FALSE,4,0
820,4148,FALSE,4.1,0
821,4293,TRUE,4.7,0
822,4402,TRUE,3.7,0
823,3412,TRUE,3,1
824,223,TRUE,4.6,0
825,3517,TRUE,2.3,0
826,1160,FALSE,4.8,0
827,3680,FALSE,1.6,0
828,2331,FALSE,3.2,0
829,3197,FALSE,4.5,0
830,2809,TRUE,3.3,0
831,3104,FALSE,1.8,0
832,2605,FALSE,3.4,0
833,3246,FALSE,2.8,0
834,2782,TRUE,3,0
835,4661,FALSE,4.7,0
836,2762,FALSE,2,1
837,2996,TRUE,1.5,0
838,4443,TRUE,1.1,1
839,47,TRUE,3.4,0
840,1418,FALSE,5,1
841,2800,TRUE,3.2,0
842,4824,FALSE,1.4,0
843,2660,TRUE,1.3,0
844,4480,FALSE,2.3,0
845,3253,TRUE,2,0
846,3462,FALSE,2.9,0
847,1050,FALSE,2.3,0
848,479,TRUE,2.6,1
849,1001,FALSE,2.4,0
850,4016,FALSE,1.3,0
851,4276,FALSE,1.2,0
852,3626,TRUE,1.8,1
853,4538,FALSE,4.4,0
854,3263,TRUE,2.5,0
855,2878,TRUE,1.1,1
856,616,FALSE,3.8,0
857,3676,FALSE,1.2,0
858,3162,FALSE,4.1,0
859,1173,FALSE,4.2,1
860,3930,FALSE,1.4,0
861,4891,TRUE,3.8,1
862,1703,FALSE,2.7,0
863,4012,TRUE,3.2,0
864,3449,TRUE,1.6,1
865,4351,TRUE,4.5,1
866,2439,TRUE,4.2,1
867,1389,FALSE,3.6,0
868,1470,TRUE,1.9,0
869,4457,TRUE,2.6,0
870,2788,TRUE,4.8,0
871,35,FALSE,2.1,0
872,1048,FALSE,4.2,0
873,1449,TRUE,3.1,0
874,537,FALSE,1.4,0
875,986,TRUE,4.7,0
876,2809,FALSE,4.8,0
877,995,TRUE,3.3,0
878,3542,FALSE,4.2,1
879,1204,FALSE,2.9,0
880,3072,FALSE,2.8,0
881,1110,FALSE,1.3,0
882,3149,FALSE,2.2,0
883,2467,TRUE,2.2,0
884,128,TRUE,1.9,1
885,2581,FALSE,1.8,0
886,4574,FALSE,4.5,1
887,1716,FALSE,4.6,0
888,4324,TRUE,3.4,0
889,2167,FALSE,4,0
890,4961,FALSE,1.7,0
891,811,FALSE,2.7,1
892,1093,FALSE,3.2,1
893,847,TRUE,3.9,0
894,1186,TRUE,4.3,0
895,2796,TRUE,1.4,1
896,1898,TRUE,4.5,0
897,3228,FALSE,3.3,1
898,1771,FALSE,1.2,0
899,4078,FALSE,1.3,0
900,1449,FALSE,1.1,0
901,2661,TRUE,3.3,0
902,2178,FALSE,2.6,0
903,2392,FALSE,4.6,0
904,2118,FALSE,4.9,0
905,3845,TRUE,4.7,0
906,1335,FALSE,1.1,0
907,4269,FALSE,1.6,0
908,4219,TRUE,4.6,0
909,2114,FALSE,4.9,0
910,3140,FALSE,2.4,1
911,3725,TRUE,1.8,0
912,4770,FALSE,2.7,0
913,1264,TRUE,4.3,1
914,4276,TRUE,4.5,0
915,4267,TRUE,1.4,0
916,171,FALSE,1.8,1
917,4713,TRUE,2.7,0
918,2271,FALSE,2.2,0
919,3044,TRUE,1.8,0
920,1053,FALSE,1.7,0
921,3260,FALSE,1.8,0
922,480,TRUE,2.1,0
923,1574,FALSE,1.1,0
924,4134,FALSE,4.5,0
925,3995,FALSE,4.6,0
926,4634,FALSE,4.7,0
927,1947,TRUE,1.5,0
928,4892,FALSE,1.5,0
929,1653,FALSE,3.6,0
930,2838,TRUE,2.2,0
931,4597,TRUE,2.9,0
932,2524,TRUE,4.8,1
933,334,FALSE,1.1,0
934,4466,FALSE,4,0
935,2599,TRUE,3.8,1
936,694,FALSE,2.5,0
937,3381,TRUE,4.9,0
938,3594,FALSE,4.9,0
939,1443,TRUE,1.8,0
940,3475,TRUE,4.7,0
941,4001,FALSE,1.4,0
942,2703,FALSE,3.9,1
943,3070,TRUE,3.5,0
944,565,FALSE,4.3,0
945,3177,FALSE,2.3,1
946,3910,FALSE,1.3,0
947,3756,TRUE,2,0
948,4368,FALSE,5,0
949,4972,FALSE,1.5,1
950,954,TRUE,3.6,0
951,605,FALSE,2.3,0
952,2275,FALSE,1.8,0
953,3556,TRUE,3.6,1
954,14,FALSE,2.7,1
955,4508,TRUE,4.1,0
956,4359,FALSE,2.7,0
957,3000,FALSE,3.7,1
958,346,TRUE,2.2,0
959,1342,FALSE,4.4,0
960,1565,FALSE,3.9,0
961,908,TRUE,3.1,0
962,1380,TRUE,4.4,0
963,3940,FALSE,3.8,0
964,2793,TRUE,1.9,0
965,4289,FALSE,2.7,1
966,4625,FALSE,3,1
967,3043,TRUE,1.3,1
968,2925,FALSE,3.4,1
969,4897,FALSE,3.9,0
970,4956,FALSE,2.7,0
971,1396,TRUE,2.7,0
972,2589,FALSE,2.3,0
973,253,FALSE,2.1,0
974,3313,TRUE,1.5,0
975,1480,TRUE,4.5,0
976,2645,FALSE,2.5,1
977,3218,TRUE,1.1,1
978,1079,TRUE,3,1
979,2888,FALSE,2.2,1
980,1843,FALSE,1.3,0
981,1937,TRUE,3.7,0
982,2579,FALSE,3.7,0
983,3778,FALSE,4.6,1
984,551,FALSE,1.3,0
985,4667,FALSE,2.3,1
986,4115,FALSE,4.3,1
987,2981,TRUE,4.7,0
988,180,TRUE,4.6,1
989,3725,TRUE,1.5,0
990,539,TRUE,3.1,0
991,3705,FALSE,2,0
992,4350,TRUE,4.8,0
993,3920,FALSE,4.2,0
994,4881,FALSE,1.5,1
995,1946,TRUE,4.7,0
996,4503,TRUE,3.4,0
997,3428,FALSE,2.3,0
998,4028,TRUE,3.9,0
999,1495,TRUE,4.7,0
1000,2151,TRUE,1.1,0
1001,4110,TRUE,3.6,1
1002,3585,TRUE,2.4,0
1003,689,TRUE,1.4,1
1004,17,FALSE,3.6,0
1005,3370,FALSE,4.3,1
1006,1161,TRUE,4.5,0
1007,1931,FALSE,2.4,0
1008,4427,TRUE,2.6,0
1009,1670,TRUE,1.2,0
1010,453,TRUE,2.8,1
1011,1848,FALSE,1.8,1
1012,1820,TRUE,2.6,0
1013,2538,TRUE,1.2,0
1014,1481,TRUE,2.2,0
1015,938,TRUE,4.1,0
1016,1145,TRUE,1.2,1
1017,167,FALSE,3,0
1018,110,FALSE,4,0
1019,3031,TRUE,2.8,0
1020,2413,FALSE,4.9,0
1021,2784,FALSE,4.2,0
1022,3317,FALSE,4.3,0
1023,2957,FALSE,3.6,0
1024,3360,TRUE,3,1
1025,4163,FALSE,4.9,0
1026,1521,TRUE,1.5,0
1027,3247,TRUE,1.3,0
1028,2909,FALSE,2.5,1
1029,72,TRUE,1.6,0
1030,263,FALSE,3.4,0
1031,2067,FALSE,1.5,0
1032,4555,TRUE,1.4,1
1033,3332,TRUE,4.2,0
1034,706,TRUE,2.6,0
1035,721,FALSE,1.6,0
1036,3808,TRUE,3.1,0
1037,4190,TRUE,3.1,1
1038,1571,TRUE,4.9,1
1039,4548,FALSE,1.1,0
1040,2324,FALSE,3.7,0
1041,2223,TRUE,2.1,0
1042,4330,TRUE,2.4,1
1043,925,TRUE,4.9,0
1044,3620,TRUE,2.2,0
1045,187,TRUE,2.3,0
1046,4004,TRUE,4.9,1
1047,2136,TRUE,3.5,0
1048,3278,TRUE,4.6,0
1049,3123,TRUE,4.9,0
1050,1412,TRUE,1.3,1
1051,463,FALSE,1.1,0
1052,3832,FALSE,4.5,1
1053,3551,TRUE,1.2,0
1054,2229,TRUE,2.8,1
1055,3931,TRUE,4.8,0
1056,1899,FALSE,4.1,0
1057,2186,TRUE,2.5,0
1058,4411,FALSE,3.5,0
1059,4494,TRUE,2.8,0
1060,60,FALSE,4.4,1
1061,1840,FALSE,3.5,0
1062,1279,TRUE,1.6,1
1063,27,TRUE,3.3,1
1064,466,TRUE,2.2,0
1065,2309,FALSE,1.7,0
1066,1197,FALSE,1.7,1
1067,1156,TRUE,4.8,0
1068,1417,FALSE,3.8,0
1069,3105,FALSE,3.8,0
1070,3156,FALSE,3.3,0
1071,1367,TRUE,1.9,1
1072,427,FALSE,1.7,0
1073,1460,TRUE,3.8,0
1074,3791,TRUE,1.9,0
1075,1543,TRUE,2.2,0
1076,2214,TRUE,2.6,0
1077,920,FALSE,1.7,1
1078,3013,TRUE,1.9,0
1079,4477,FALSE,1.2,0
1080,212,TRUE,1.5,0
1081,1790,FALSE,4.7,0
1082,3420,TRUE,1.8,1
1083,547,FALSE,2.4,0
1084,294,FALSE,4.3,0
1085,1972,TRUE,1.7,1
1086,2129,FALSE,4.5,1
1087,1207,TRUE,1.2,0
1088,252,FALSE,3.1,1
1089,500,FALSE,1.8,1
1090,3852,TRUE,2.5,0
1091,8,FALSE,1.3,0
1092,4669,FALSE,1.6,0
1093,3748,FALSE,1.3,1
1094,2775,FALSE,2.5,0
1095,2375,FALSE,2.6,1
1096,4702,FALSE,3,0
1097,1828,TRUE,2.7,0
1098,3914,TRUE,4.7,1
1099,3714,TRUE,3.4,0
1100,4371,FALSE,3.7,0
1101,1539,FALSE,2.3,0
1102,1530,TRUE,2.2,0
1103,600,FALSE,2.5,0
1104,1427,TRUE,2.5,0
1105,3451,TRUE,1.2,1
1106,3229,FALSE,3.2,0
1107,2070,TRUE,3.3,0
1108,1160,FALSE,4.2,0
1109,4974,TRUE,4.2,0
1110,681,FALSE,3.7,1
1111,2771,TRUE,3.7,0
1112,1046,TRUE,3.9,0
1113,1769,FALSE,1.5,0
1114,3761,FALSE,2.6,0
1115,4679,TRUE,2.9,0
1116,4160,FALSE,4.1,0
1117,2451,FALSE,1.7,0
1118,2311,TRUE,3.7,0
1119,4668,FALSE,2.6,0
1120,2854,FALSE,2.5,0
1121,4456,TRUE,3.8,0
1122,4741,TRUE,1.9,1
1123,1827,TRUE,4.7,1
1124,4312,TRUE,3.1,0
1125,522,FALSE,1.8,1
1126,201,FALSE,3.2,0
1127,698,FALSE,2.4,0
1128,789,TRUE,3.5,1
1129,272,FALSE,3.4,0
1130,1069,TRUE,3.4,0
1131,1651,FALSE,2.6,0
1132,3044,FALSE,1.6,0
1133,902,TRUE,3.8,1
1134,4533,TRUE,3.2,1
1135,1817,TRUE,4.8,1
1136,244,FALSE,4.6,0
1137,67,FALSE,2.6,0
1138,3323,FALSE,2.2,0
1139,1686,FALSE,2.2,0
1140,4504,TRUE,3.7,0
1141,1969,TRUE,3.8,1
1142,2849,TRUE,4.8,0
1143,2019,FALSE,3.1,0
1144,3366,FALSE,3.5,1
1145,1099,FALSE,2.6,1
1146,702,TRUE,2.8,0
1147,618,TRUE,2.7,1
1148,4003,FALSE,3.5,1
1149,4516,TRUE,2.4,0
1150,4101,FALSE,4.5,0
1151,889,FALSE,2.1,0
1152,682,TRUE,4.7,0
1153,2318,TRUE,2.7,0
1154,1318,TRUE,2.7,0
1155,1313,FALSE,3.5,0
1156,1059,TRUE,4,0
1157,2,FALSE,1.2,0
1158,20,TRUE,2.1,1
1159,2157,FALSE,4.6,0
1160,329,TRUE,1.7,0
1161,2018,FALSE,4.6,1
1162,740,FALSE,4.7,0
1163,291,FALSE,3.7,1
1164,4286,FALSE,4.2,0
1165,2793,TRUE,1.7,0
1166,3786,FALSE,1.7,1
1167,1611,TRUE,3.8,0
1168,581,TRUE,2.2,0
1169,4922,FALSE,2.7,1
1170,356,TRUE,2.2,1
1171,2918,FALSE,3.6,0
1172,4771,FALSE,1.2,0
1173,3938,FALSE,3.7,1
1174,1868,TRUE,4.5,1
1175,4349,TRUE,5,0
1176,1001,TRUE,4,1
1177,3708,FALSE,1.9,0
1178,3655,TRUE,4.1,1
1179,1519,TRUE,4.1,0
1180,1803,FALSE,3,0
1181,3957,TRUE,2.2,0
1182,1621,TRUE,4.7,0
1183,139,FALSE,3.1,0
1184,2700,FALSE,1.6,0
1185,4650,TRUE,4,0
1186,2245,FALSE,4.4,1
1187,4975,FALSE,4.2,0
1188,3621,FALSE,4.2,0
1189,1164,TRUE,2.7,1
1190,1362,TRUE,3.3,0
1191,2584,FALSE,2.5,0
1192,1552,FALSE,3,1
1193,4965,FALSE,1.4,0
1194,2212,FALSE,1.9,0
1195,2428,FALSE,2.4,0
1196,2391,TRUE,3.8,0
1197,310,FALSE,3.9,1
1198,2154,TRUE,1.7,0
1199,4351,TRUE,1.4,1
1200,1223,FALSE,3.6,0
1201,1140,TRUE,2,0
1202,1959,FALSE,4.2,0
1203,1908,FALSE,3.1,0
1204,2314,TRUE,2.3,0
1205,3227,TRUE,4.2,1
1206,436,TRUE,1.4,0
1207,611,TRUE,4.7,0
1208,2413,FALSE,3.9,1
1209,4640,FALSE,3.1,1
1210,4231,FALSE,1,1
1211,633,TRUE,1.2,0
1212,1198,FALSE,3.1,1
1213,4502,TRUE,4,0
1214,3304,FALSE,5,0
1215,68,FALSE,4.5,0
1216,766,FALSE,1.6,0
1217,2006,FALSE,2.1,0
1218,3728,TRUE,2.5,0
1219,3371,TRUE,3.7,1
1220,1481,FALSE,4.9,1
1221,3395,FALSE,1.9,0
1222,3152,TRUE,3.7,0
1223,3569,TRUE,1.7,0
1224,719,TRUE,1.4,1
1225,721,TRUE,2,1
1226,4940,FALSE,2.9,1
1227,4907,FALSE,4.5,0
1228,4408,FALSE,2.9,0
1229,2968,TRUE,1,0
1230,3904,FALSE,1.1,0
1231,1952,TRUE,3.8,1
1232,2440,TRUE,2.4,0
1233,1635,FALSE,1.6,1
1234,2032,FALSE,2.7,0
1235,3557,TRUE,3,0
1236,792,TRUE,1.3,1
1237,3668,TRUE,1.3,0
1238,559,FALSE,3.7,0
1239,978,TRUE,2.5,0
1240,1268,FALSE,1.2,0
1241,309,TRUE,2.7,0
1242,3764,FALSE,1.9,0
1243,4955,TRUE,1.7,0
1244,843,TRUE,3.2,0
1245,2636,TRUE,4.4,1
1246,4983,TRUE,3.9,0
1247,633,TRUE,2.8,1
1248,1512,FALSE,1.1,1
1249,2222,TRUE,2,0
1250,4877,TRUE,1.6,0
1251,3610,TRUE,3.4,1
1252,4395,TRUE,3.5,0
1253,4577,FALSE,3.6,0
1254,3753,FALSE,4.7,1
1255,4134,TRUE,4.7,0
1256,2066,TRUE,4.2,1
1257,3461,TRUE,1.7,0
1258,3900,TRUE,2.8,0
1259,3295,FALSE,2.2,1
1260,282,FALSE,1.5,0
1261,1461,TRUE,1.9,0
1262,85,TRUE,3.1,0
1263,1023,TRUE,4.2,0
1264,2511,TRUE,4.4,1
1265,1072,TRUE,4,1
1266,2980,TRUE,1.8,0
1267,2871,FALSE,2.8,0
1268,4438,TRUE,3.3,0
1269,967,FALSE,1.1,0
1270,3758,TRUE,5,1
1271,2545,FALSE,1.9,1
1272,4681,FALSE,2.5,0
1273,2760,TRUE,3.3,0
1274,2060,FALSE,1.3,0
1275,956,TRUE,1.6,0
1276,3331,FALSE,3.5,1
1277,77,FALSE,1.8,1
1278,3494,FALSE,1.2,0
1279,1252,FALSE,3,1
1280,570,TRUE,4.6,0
1281,3764,FALSE,1.6,0
1282,4835,TRUE,1,1
1283,107,FALSE,2,0
1284,3408,TRUE,1.2,0
1285,1738,TRUE,1.4,0
1286,2061,FALSE,1.9,1
1287,2568,TRUE,2.6,0
1288,4328,FALSE,1.4,1
1289,751,FALSE,3.5,0
1290,3963,TRUE,3.8,0
1291,3250,FALSE,1.6,0
1292,4002,TRUE,4.1,1
1293,4831,FALSE,4.3,1
1294,4390,FALSE,2.2,0
1295,3922,FALSE,3,0
1296,1899,TRUE,2.6,0
1297,758,TRUE,2.8,0
1298,2476,TRUE,1.7,0
1299,593,TRUE,2.5,0
1300,1856,TRUE,1.7,1
1301,4362,TRUE,1.1,0
1302,2386,FALSE,3.5,0
1303,931,TRUE,4.7,0
1304,950,TRUE,1.7,0
1305,4212,FALSE,4.4,0
1306,940,TRUE,1.6,0
1307,3214,TRUE,3.9,0
1308,2512,FALSE,1.9,0
1309,2208,TRUE,3.3,0
1310,476,FALSE,2.5,0
1311,1265,FALSE,4.1,0
1312,691,FALSE,3.4,0
1313,2453,FALSE,3.7,0
1314,2029,FALSE,4.4,1
1315,779,FALSE,2.4,0
1316,3617,FALSE,1.9,1
1317,102,TRUE,4.4,0
1318,2458,FALSE,2.4,1
1319,77,TRUE,2.5,0
1320,590,FALSE,1.9,0
1321,800,FALSE,2.8,1
1322,496,FALSE,4.2,0
1323,3828,TRUE,1.6,1
1324,135,FALSE,2.8,0
1325,1484,FALSE,3.6,1
1326,4240,FALSE,4.5,0
1327,2344,TRUE,3.9,0
1328,4265,TRUE,2.4,0
1329,2517,TRUE,1,0
1330,329,TRUE,3.5,0
1331,3766,TRUE,4.8,0
1332,1864,FALSE,4.5,0
1333,3909,TRUE,2.6,0
1334,1554,TRUE,3.5,1
1335,2340,TRUE,1.7,1
1336,2603,TRUE,1.4,0
1337,4453,FALSE,2.3,0
1338,2372,FALSE,4.4,0
1339,2759,FALSE,2.6,0
1340,4084,FALSE,1.4,0
1341,2665,TRUE,3.5,0
1342,3165,FALSE,2.6,0
1343,648,TRUE,1.6,0
1344,422,TRUE,3.3,1
1345,656,FALSE,4.2,1
1346,298,TRUE,4.7,0
1347,1667,TRUE,1.9,0
1348,2739,TRUE,1,1
1349,4498,FALSE,2.1,1
1350,199,FALSE,4.1,1
1351,3996,TRUE,2.8,1
1352,1127,TRUE,3.5,0
1353,1268,TRUE,3.1,0
1354,3923,FALSE,2,0
1355,3614,TRUE,3,1
1356,866,FALSE,4,1
1357,196,TRUE,2.8,0
1358,1314,FALSE,2.3,0
1359,1078,FALSE,1.7,1
1360,602,FALSE,2.6,1
1361,2028,TRUE,1.5,0
1362,2537,FALSE,2.7,0
1363,3095,TRUE,2.3,0
1364,4485,FALSE,4.1,0
1365,286,TRUE,4.7,0
1366,2798,FALSE,4.8,0
1367,3736,TRUE,2,0
1368,2337,TRUE,1.5,0
1369,3228,FALSE,1.2,1
1370,2235,TRUE,2.5,1
1371,4448,TRUE,3.7,1
1372,857,FALSE,4.1,1
1373,3081,FALSE,1.9,0
1374,3610,TRUE,2.5,0
1375,3190,TRUE,3.3,1
1376,4183,TRUE,3.2,0
1377,3228,FALSE,4.1,1
1378,2511,FALSE,1.3,1
1379,863,TRUE,1.6,1
1380,2040,TRUE,4.6,1
1381,2773,TRUE,1.3,1
1382,4173,TRUE,3.2,0
1383,1688,FALSE,2.4,0
1384,1084,FALSE,3.9,0
1385,2656,FALSE,1.9,1
1386,4708,TRUE,2.4,0
1387,3125,FALSE,4.2,0
1388,2882,TRUE,2.3,0
1389,496,TRUE,5,1
1390,3669,TRUE,4.6,0
1391,1950,FALSE,1.7,0
1392,1562,TRUE,3.5,1
1393,2959,TRUE,1.7,1
1394,4774,FALSE,4.3,0
1395,4533,FALSE,4.4,1
1396,3566,TRUE,2.1,1
1397,4458,TRUE,3.2,0
1398,4730,TRUE,2.9,1
1399,4169,FALSE,2.2,0
1400,1304,FALSE,1.5,1
1401,2905,FALSE,3.4,0
1402,1846,FALSE,3.6,0
1403,4291,FALSE,3,1
1404,3766,TRUE,2.9,0
1405,1370,TRUE,2.1,0
1406,930,TRUE,2,0
1407,75,TRUE,3.5,1
1408,4578,FALSE,2.7,1
1409,2787,FALSE,4.7,0
1410,585,FALSE,2.2,0
1411,4921,FALSE,2.1,0
1412,1978,FALSE,1.8,0
1413,3277,FALSE,2.3,1
1414,2601,FALSE,1.1,0
1415,959,TRUE,2.2,0
1416,4587,FALSE,2.7,0
1417,2183,TRUE,4.1,0
1418,1078,TRUE,3.5,1
1419,4509,FALSE,3.1,0
1420,2349,FALSE,1.2,0
1421,4920,FALSE,1.5,1
1422,4370,TRUE,1.3,0
1423,745,TRUE,3.6,0
1424,2272,FALSE,1.1,0
1425,1227,TRUE,3.6,0
1426,1184,FALSE,4.4,0
1427,626,TRUE,1.7,0
1428,4585,FALSE,4,0
1429,1002,TRUE,4.4,1
1430,486,TRUE,4.4,0
1431,2414,TRUE,3.1,0
1432,725,TRUE,4.9,0
1433,1619,FALSE,2.3,0
1434,4460,TRUE,2.7,0
1435,3545,TRUE,2.8,0
1436,4968,FALSE,2.5,1
1437,4927,TRUE,3.7,0
1438,2855,TRUE,2.7,0
1439,2985,TRUE,2.5,0
1440,4670,TRUE,1.6,1
1441,1817,TRUE,3.3,0
1442,1184,FALSE,4.1,0
1443,4844,TRUE,2.3,1
1444,2257,FALSE,4.6,1
1445,4356,TRUE,2.8,0
1446,2629,TRUE,3,1
1447,4196,TRUE,4.9,0
1448,2065,FALSE,1.5,1
1449,2098,TRUE,3.2,1
1450,767,TRUE,4.3,0
1451,2035,FALSE,3.1,0
1452,4364,TRUE,2.2,1
1453,1036,TRUE,3.3,0
1454,3890,TRUE,5,0
1455,3813,FALSE,2.5,1
1456,312,TRUE,1.8,1
1457,1798,FALSE,2.3,0
1458,1225,FALSE,2.8,0
1459,3797,FALSE,1.4,0
1460,3931,FALSE,1.7,0
1461,1910,TRUE,3.2,0
1462,2384,FALSE,4.9,0
1463,4443,FALSE,2.3,1
1464,1401,FALSE,3.2,0
1465,3453,FALSE,2.1,1
1466,4652,FALSE,1.3,0
1467,2077,TRUE,1.2,0
1468,3813,FALSE,3.9,1
1469,4123,FALSE,2.7,0
1470,2006,TRUE,4.7,0
1471,3924,FALSE,2.2,0
1472,1977,FALSE,2.4,0
1473,1437,FALSE,2.9,1
1474,3194,TRUE,4.3,0
1475,4527,TRUE,1.7,0
1476,4939,TRUE,4.9,0
1477,3401,TRUE,4.1,1
1478,3383,TRUE,1.4,0
1479,1004,FALSE,1.8,0
1480,4625,FALSE,1.5,0
1481,4758,TRUE,2.5,0
1482,198,TRUE,4.9,1
1483,4175,TRUE,2.3,0
1484,4186,TRUE,4.2,1
1485,1367,FALSE,4.5,0
1486,2875,FALSE,3.9,1
1487,3535,TRUE,4,0
1488,3412,TRUE,2.1,0
1489,1969,TRUE,3.9,1
1490,3501,FALSE,2.4,0
1491,1889,FALSE,4.7,0
1492,1536,FALSE,1.1,1
1493,1743,TRUE,2.4,0
1494,1372,FALSE,4.9,0
1495,391,TRUE,4.2,0
1496,2269,TRUE,4.6,0
1497,1805,TRUE,2.2,0
1498,2628,FALSE,2.2,0
1499,2787,TRUE,2.4,0
1500,1633,FALSE,4.8,1
1501,2990,TRUE,3.4,0
1502,4617,FALSE,2.6,1
1503,2886,FALSE,4.7,0
1504,547,TRUE,4.9,0
1505,4916,TRUE,1.5,1
1506,2975,FALSE,3.9,1
1507,2445,FALSE,4.5,0
1508,1908,TRUE,3.2,0
1509,2245,TRUE,1.5,0
1510,3923,TRUE,3.6,1
1511,589,FALSE,3.6,1
1512,4926,FALSE,2.8,0
1513,1780,FALSE,1.4,1
1514,4789,FALSE,4.4,0
1515,3483,FALSE,3.8,0
1516,1304,FALSE,1.7,0
1517,673,TRUE,1.9,0
1518,1273,TRUE,4.5,1
1519,4396,TRUE,4.6,0
1520,4172,TRUE,4.8,0
1521,1819,FALSE,3.6,0
1522,333,FALSE,2.3,0
1523,4686,TRUE,3.1,1
1524,65,FALSE,2.1,0
1525,2746,FALSE,2.6,1
1526,4355,TRUE,2.8,0
1527,1331,TRUE,2.2,0
1528,1852,TRUE,1.1,1
1529,2918,TRUE,1.7,0
1530,748,TRUE,1.3,0
1531,3899,FALSE,2.5,1
1532,286,TRUE,4.4,1
1533,778,FALSE,3.8,0
1534,2168,FALSE,3.5,1
1535,4008,TRUE,2.3,1
1536,2111,FALSE,3.4,1
1537,25,TRUE,2.8,0
1538,1501,FALSE,2.5,0
1539,2806,TRUE,1.6,0
1540,1484,FALSE,3.9,0
1541,1027,FALSE,3.4,0
1542,1252,TRUE,4.1,0
1543,1,FALSE,4.5,0
1544,1669,FALSE,4.8,0
1545,107,TRUE,2.3,0
1546,4236,FALSE,3.1,0
1547,2359,TRUE,4.2,1
1548,3323,FALSE,1.6,0
1549,1657,TRUE,1.1,1
1550,437,TRUE,1.4,1
1551,4523,FALSE,3,1
1552,486,FALSE,4.4,0
1553,4703,FALSE,1.4,0
1554,3014,TRUE,2.7,0
1555,2729,FALSE,1.3,0
1556,1656,TRUE,1.4,1
1557,2055,FALSE,4.8,0
1558,2485,FALSE,1.7,1
1559,871,TRUE,5,0
1560,3277,TRUE,4.2,0
1561,2221,FALSE,1.3,1
1562,3590,TRUE,3.9,0
1563,3579,TRUE,3.1,1
1564,3979,TRUE,1.4,0
1565,2209,FALSE,4,0
1566,4748,FALSE,3.5,0
1567,3571,TRUE,4.3,0
1568,2799,FALSE,2.4,1
1569,4594,TRUE,4.8,0
1570,1919,TRUE,4.3,0
1571,3330,TRUE,3.5,0
1572,3547,TRUE,3.5,0
1573,4471,FALSE,2.3,1
1574,1912,TRUE,4.8,1
1575,3113,FALSE,2,0
1576,1830,FALSE,1.6,0
1577,4392,FALSE,3.6,1
1578,3313,FALSE,4.4,0
1579,2184,FALSE,1.8,0
1580,684,FALSE,2.7,0
1581,2248,TRUE,3.3,1
1582,2882,TRUE,2,0
1583,1168,FALSE,1.4,1
1584,1419,FALSE,4.3,0
1585,396,FALSE,4.9,0
1586,1042,FALSE,4.9,1
1587,629,FALSE,3.1,0
1588,2163,FALSE,3.9,1
1589,2996,TRUE,4.7,0
1590,1157,FALSE,3.7,1
1591,4930,FALSE,4,1
1592,1068,TRUE,4.9,0
1593,4469,TRUE,2.2,1
1594,4135,FALSE,1.9,1
1595,2065,FALSE,3.1,0
1596,4975,FALSE,1.2,0
1597,1461,FALSE,2.1,0
1598,3924,FALSE,2.4,1
1599,1230,FALSE,4.6,0
1600,3924,TRUE,1.8,0
1601,289,TRUE,3.7,1
1602,3720,FALSE,3,0
1603,2776,TRUE,4.4,0
1604,3225,TRUE,2.1,0
1605,4514,FALSE,2.4,0
1606,3090,FALSE,4.3,1
1607,3323,FALSE,4.1,0
1608,2744,FALSE,2.3,0
1609,417,TRUE,3.3,0
1610,541,TRUE,3.7,0
1611,3655,FALSE,4.9,1
1612,4932,TRUE,4.1,0
1613,3648,FALSE,1.9,0
1614,2854,TRUE,1.8,1
1615,2225,TRUE,2.7,0
1616,4809,FALSE,3.2,0
1617,2260,FALSE,4.6,0
1618,3632,FALSE,5,0
1619,1908,FALSE,2.4,1
1620,4884,FALSE,2.4,0
1621,3073,TRUE,1.9,0
1622,1796,TRUE,1.4,1
1623,4444,FALSE,2.9,0
1624,2782,FALSE,2.4,0
1625,2448,TRUE,2.4,0
1626,4344,FALSE,2.2,0
1627,4683,FALSE,4.5,0
1628,1428,TRUE,1.3,1
1629,2250,TRUE,2.3,0
1630,3432,TRUE,2.7,0
1631,633,FALSE,1.5,0
1632,4262,FALSE,1.6,0
1633,2699,TRUE,2.7,0
1634,1582,TRUE,4,1
1635,936,TRUE,1.2,1
1636,3079,TRUE,4.1,0
1637,396,FALSE,1.1,1
1638,1148,FALSE,1.5,0
1639,4865,TRUE,1.4,0
1640,44,TRUE,2.9,0
1641,1347,FALSE,4.4,1
1642,918,FALSE,4.9,0
1643,636,FALSE,4.9,0
1644,1525,TRUE,1.2,0
1645,1946,TRUE,2.7,0
1646,4541,TRUE,2.5,0
1647,3346,TRUE,4.9,0
1648,2210,TRUE,1.1,0
1649,4419,FALSE,1.6,0
1650,4905,FALSE,1,0
1651,2928,FALSE,1.8,0
1652,2333,TRUE,2.2,1
1653,981,FALSE,2.6,0
1654,1601,FALSE,3.5,0
1655,2100,TRUE,2.8,0
1656,2203,TRUE,4.7,0
1657,4991,TRUE,3.6,0
1658,520,TRUE,3.5,0
1659,2705,TRUE,4.1,0
1660,280,TRUE,2.2,0
1661,4102,FALSE,2.2,0
1662,3162,TRUE,2.9,0
1663,4540,TRUE,4.6,1
1664,495,TRUE,1.2,0
1665,3167,FALSE,4.4,1
1666,3807,TRUE,1.5,0
1667,2384,FALSE,3.9,1
1668,999,TRUE,1.5,1
1669,727,FALSE,2.1,0
1670,3181,TRUE,1,0
1671,1316,FALSE,2.3,0
1672,4336,TRUE,2.2,0
1673,3929,FALSE,4.4,0
1674,1938,TRUE,3.1,0
1675,4781,TRUE,4.8,0
1676,1430,TRUE,1.5,0
1677,2363,FALSE,2.8,0
1678,3941,FALSE,2.7,1
1679,3246,FALSE,2.6,0
1680,3802,FALSE,4.6,0
1681,1545,TRUE,1.3,1
1682,2728,FALSE,4.3,0
1683,4530,TRUE,1.2,1
1684,2476,TRUE,1.8,0
1685,3306,TRUE,1.3,0
1686,1965,TRUE,4.4,0
1687,2380,FALSE,3.2,1
1688,1798,FALSE,3.8,0
1689,111,TRUE,1,1
1690,3280,FALSE,2.2,0
1691,83,TRUE,3.8,0
1692,1076,TRUE,3.5,0
1693,3624,FALSE,3,1
1694,3247,FALSE,4.1,0
1695,4977,FALSE,4.5,0
1696,671,FALSE,4.5,0
1697,1215,TRUE,2.7,0
1698,4088,FALSE,4,0
1699,4211,FALSE,1.6,0
1700,2185,TRUE,2.2,1
1701,1961,FALSE,3.1,1
1702,2414,TRUE,1.6,0
1703,2882,FALSE,1,1
1704,3385,TRUE,3.1,0
1705,4812,FALSE,2.5,0
1706,269,TRUE,4.9,0
1707,4388,TRUE,3.9,0
1708,2027,TRUE,3,0
1709,4394,FALSE,2.8,0
1710,3494,FALSE,2.6,0
1711,3499,TRUE,4.1,0
1712,4931,TRUE,4,0
1713,2764,FALSE,4.8,0
1714,3678,TRUE,2.4,0
1715,2746,TRUE,2.3,0
1716,3412,TRUE,1.9,0
1717,4141,TRUE,4.9,1
1718,4384,TRUE,3.8,0
1719,4466,TRUE,1.9,0
1720,4356,TRUE,1.1,1
1721,4387,FALSE,3.1,1
1722,4007,TRUE,4.3,0
1723,180,TRUE,3.1,0
1724,58,FALSE,2.9,1
1725,3602,FALSE,3.8,0
1726,4815,TRUE,4.4,0
1727,383,FALSE,4,0
1728,2713,FALSE,3,0
1729,310,FALSE,2.1,1
1730,2766,TRUE,4.9,0
1731,4128,TRUE,2.5,0
1732,2556,FALSE,3.7,0
1733,1872,FALSE,2.8,1
1734,1385,TRUE,1.4,0
1735,1251,FALSE,1.8,1
1736,3844,FALSE,2.1,1
1737,2551,TRUE,4.8,1
1738,727,FALSE,3.1,1
1739,502,TRUE,4.1,1
1740,2088,FALSE,3.7,0
1741,2780,TRUE,2.4,0
1742,3405,FALSE,4.6,0
1743,1935,TRUE,3.4,0
1744,4808,TRUE,3.7,0
1745,4019,FALSE,2.5,0
1746,1979,FALSE,3.8,0
1747,2797,FALSE,1.3,1
1748,879,TRUE,3.7,1
1749,1869,FALSE,2.3,0
1750,3724,TRUE,1.5,0
1751,3578,FALSE,4.3,0
1752,1491,TRUE,1,1
1753,2628,FALSE,1,0
1754,3871,TRUE,3.9,0
1755,4121,FALSE,4.4,0
1756,4712,FALSE,4.1,0
1757,3488,FALSE,4.9,0
1758,1642,FALSE,2.7,1
1759,3421,FALSE,2.5,0
1760,389,FALSE,4.9,0
1761,1280,FALSE,2.2,0
1762,2500,FALSE,4,0
1763,1141,FALSE,2.3,1
1764,4369,TRUE,4.2,0
1765,4018,TRUE,1.2,1
1766,2675,FALSE,2.5,0
1767,304,TRUE,3.5,0
1768,2432,TRUE,1.7,1
1769,4479,TRUE,3,0
1770,4954,FALSE,2.9,0
1771,460,TRUE,2.1,0
1772,2682,TRUE,1.7,0
1773,4139,FALSE,4.1,0
1774,4633,FALSE,4.2,1
1775,4950,FALSE,5,0
1776,684,FALSE,2.8,0
1777,2914,TRUE,4.7,0
1778,86,TRUE,3.2,1
1779,1109,FALSE,3.4,1
1780,1290,TRUE,2.4,0
1781,3650,TRUE,3.5,1
1782,1212,FALSE,1.9,0
1783,3658,TRUE,4.4,1
1784,3870,FALSE,4.5,0
1785,4592,FALSE,2.9,0
1786,2375,TRUE,2.2,1
1787,3951,FALSE,3.9,0
1788,3740,FALSE,1.6,1
1789,3338,TRUE,2.2,0
1790,3671,FALSE,2.8,0
1791,4227,FALSE,1.2,0
1792,3953,TRUE,1.5,1
1793,2396,FALSE,4.2,1
1794,3624,TRUE,2,0
1795,2428,TRUE,3.8,0
1796,983,TRUE,3.3,0
1797,643,TRUE,1.1,0
1798,704,FALSE,3.5,0
1799,2335,FALSE,2.8,0
1800,3431,TRUE,1.4,1
1801,1808,FALSE,2.4,1
1802,572,TRUE,3,1
1803,214,FALSE,1,0
1804,4910,FALSE,2.5,1
1805,987,FALSE,3.8,0
1806,3145,TRUE,2.6,0
1807,2271,TRUE,2.9,1
1808,1526,FALSE,1.4,0
1809,2276,FALSE,4.3,0
1810,1423,FALSE,4.9,0
1811,1652,FALSE,3.3,1
1812,4503,FALSE,4.1,0
1813,965,TRUE,4.2,0
1814,3551,FALSE,3,0
1815,2689,FALSE,1.4,0
1816,2029,FALSE,1.2,1
1817,4486,FALSE,2.6,0
1818,2562,FALSE,3.8,0
1819,162,TRUE,1.3,1
1820,2670,FALSE,1.7,0
1821,4463,TRUE,1.8,1
1822,1456,FALSE,1.6,0
1823,4687,TRUE,4.3,1
1824,4009,FALSE,4.5,0
1825,1908,TRUE,2.3,0
1826,1850,FALSE,1.7,0
1827,4385,FALSE,1.9,0
1828,1631,FALSE,4.2,1
1829,4280,TRUE,2.1,0
1830,4427,TRUE,4,0
1831,2929,FALSE,3.2,0
1832,2327,TRUE,4.5,0
1833,4554,TRUE,1,0
1834,4651,TRUE,4.6,0
1835,2034,TRUE,1.2,1
1836,3444,TRUE,4.7,0
1837,822,TRUE,1.4,0
1838,3880,FALSE,2.2,1
1839,2229,FALSE,1.9,1
1840,1477,TRUE,1.7,0
1841,4142,FALSE,3.8,0
1842,3452,TRUE,3.1,1
1843,1154,FALSE,4.5,1
1844,1645,FALSE,4.2,0
1845,3920,TRUE,2,0
1846,729,FALSE,1.6,1
1847,3771,TRUE,4.7,0
1848,3646,FALSE,2.7,0
1849,1932,FALSE,2.8,0
1850,338,FALSE,4.9,1
1851,3094,FALSE,4.9,0
1852,4527,TRUE,1.5,0
1853,2334,TRUE,1.3,1
1854,3139,TRUE,3.3,0
1855,925,TRUE,3.9,0
1856,1458,TRUE,2.5,1
1857,1997,FALSE,2.1,0
1858,2904,FALSE,3.7,0
1859,4940,FALSE,1.7,0
1860,203,FALSE,3.1,0
1861,1315,FALSE,4.6,0
1862,4162,FALSE,3.2,0
1863,3884,TRUE,3.3,0
1864,650,TRUE,3.9,0
1865,2577,TRUE,2.9,0
1866,3497,FALSE,2.8,0
1867,2193,TRUE,1.4,0
1868,3232,FALSE,4.6,0
1869,101,TRUE,1,0
1870,3205,TRUE,3.9,0
1871,1097,TRUE,4.9,1
1872,2976,FALSE,3.9,0
1873,790,TRUE,4.9,0
1874,2185,TRUE,1.3,0
1875,2448,FALSE,3.1,1
1876,1434,TRUE,4.6,0
1877,4755,FALSE,2.1,0
1878,2925,TRUE,1.8,0
1879,2205,FALSE,2.1,1
1880,1023,TRUE,3.2,0
1881,1794,FALSE,3.2,0
1882,3666,TRUE,2.3,0
1883,3241,TRUE,1.4,1
1884,2837,FALSE,3.8,0
1885,2709,TRUE,4.9,0
1886,1221,TRUE,2.9,0
1887,626,FALSE,1.7,0
1888,4416,TRUE,3.6,0
1889,583,TRUE,1.4,0
1890,3913,FALSE,3.9,0
1891,3250,FALSE,2.6,1
1892,2951,FALSE,3.9,1
1893,4079,FALSE,1.1,0
1894,662,TRUE,2.6,0
1895,328,TRUE,2.2,0
1896,3136,FALSE,4.7,0
1897,4826,TRUE,3.7,1
1898,2786,FALSE,2.6,0
1899,4684,TRUE,2.7,0
1900,4041,FALSE,3.6,1
1901,3219,TRUE,2.1,0
1902,3479,FALSE,1,0
1903,2932,TRUE,1.3,0
1904,353,FALSE,2.4,0
1905,4236,FALSE,1.4,1
1906,1327,FALSE,1.2,0
1907,2787,FALSE,2.8,0
1908,467,FALSE,4.2,0
1909,878,TRUE,3.4,0
1910,669,TRUE,2.9,1
1911,4841,TRUE,1.8,0
1912,3229,FALSE,4.7,0
1913,3508,TRUE,4.3,1
1914,2589,FALSE,3.3,0
1915,4018,FALSE,1.6,0
1916,2630,TRUE,4.9,1
1917,1364,FALSE,2.3,1
1918,338,FALSE,1.5,1
1919,3797,FALSE,5,1
1920,73,FALSE,3.7,0
1921,1245,FALSE,1.1,0
1922,1143,TRUE,1.6,0
1923,1001,TRUE,1.3,1
1924,225,FALSE,3.4,0
1925,3839,FALSE,3.9,0
1926,1065,FALSE,4.5,0
1927,1330,FALSE,3.2,0
1928,2423,FALSE,3.9,0
1929,3573,FALSE,1.2,0
1930,3418,TRUE,4.1,0
1931,3465,TRUE,2.9,0
1932,2435,TRUE,3.4,1
1933,2497,FALSE,3.1,0
1934,4717,FALSE,3.2,0
1935,3753,FALSE,4.7,0
1936,4723,FALSE,2.6,0
1937,598,FALSE,4.4,0
1938,765,FALSE,1.4,0
1939,3768,TRUE,2,0
1940,1387,TRUE,2.3,0
1941,669,FALSE,3.7,1
1942,3928,FALSE,3.5,1
1943,1835,FALSE,3.1,0
1944,3915,TRUE,3.1,1
1945,989,FALSE,2.2,0
1946,4799,TRUE,4.7,0
1947,2744,FALSE,1.5,0
1948,1255,FALSE,3.2,0
1949,660,FALSE,3,0
1950,495,FALSE,4.6,0
1951,485,FALSE,2.7,0
1952,2133,FALSE,4.2,0
1953,4778,TRUE,2.2,0
1954,3136,TRUE,3,1
1955,3347,FALSE,2.4,1
1956,4794,TRUE,2.8,0
1957,2572,FALSE,1.8,0
1958,454,FALSE,4.7,0
1959,3562,FALSE,1.1,0
1960,1898,FALSE,3.5,1
1961,2448,TRUE,3.9,0
1962,142,FALSE,4.4,1
1963,61,TRUE,4.8,0
1964,4381,FALSE,2.4,1
1965,4913,TRUE,5,0
1966,4243,TRUE,2.2,1
1967,920,FALSE,3.9,1
1968,2269,TRUE,1,0
1969,627,TRUE,1.4,1
1970,4646,TRUE,4.5,0
1971,4677,FALSE,4.7,0
1972,2641,FALSE,4.3,1
1973,2222,FALSE,3.9,1
1974,1375,FALSE,1.3,0
1975,3947,TRUE,2.9,1
1976,4693,TRUE,4.4,0
1977,3237,FALSE,1.4,0
1978,303,TRUE,1.1,1
1979,2520,TRUE,2.8,0
1980,1842,FALSE,4.7,0
1981,3066,TRUE,2.9,1
1982,4747,TRUE,4.3,0
1983,4479,TRUE,2.2,0
1984,4767,TRUE,2.8,0
1985,879,FALSE,3.7,0
1986,538,TRUE,2.1,1
1987,2468,TRUE,1.4,1
1988,3048,FALSE,4.8,0
1989,3194,TRUE,3.4,1
1990,3689,FALSE,4.9,0
1991,2622,TRUE,3,1
1992,1301,FALSE,3.5,0
1993,2142,TRUE,4.4,0
1994,2881,TRUE,4.8,0
1995,2971,TRUE,3.6,0
1996,2348,TRUE,1.1,1
1997,4621,TRUE,1.4,1
1998,2962,TRUE,4.7,0
1999,2883,TRUE,2.4,0
2000,3056,FALSE,3,0
